{"train_loss": [1.1774011850357056, 0.9893105626106262, 0.9139991402626038, 0.879852831363678, 0.8630534410476685, 0.8433064818382263, 0.8277474641799927, 0.8090726733207703, 0.7940453290939331, 0.7860442399978638], "val_loss": [1.081589698791504, 0.9436159729957581, 0.9340196251869202, 0.8859933018684387, 0.8471273183822632, 0.8363498449325562, 0.8262124061584473, 0.8249682188034058, 0.8141510486602783, 0.8106679916381836]}